Size,Measured Size,Deviation error
2.0,-0.051660156250000089,0.024982676108926842
2.71,-0.17413867187499976,0.04160299807942769
4.4800000000000004,-0.82939062500000027,0.0851242799051447
8.0,-3.0020507812500021,0.15892640948983797
11.470000000000001,-5.8688540039062502,0.19991392671394279
