Size,Measured Size,Deviation error
2.0,-0.026367187499999778,0.02558802122324721
2.71,-0.021304199218750153,0.04660810707832835
4.4800000000000004,0.57996093750000099,0.162793578951816
8.0,0.26689453125000107,0.4363668152193811
11.470000000000001,-1.828101257324219,0.5808068522952761
