Size,Measured Size,Deviation error
2.0,0.015429687500000178,0.026626661270898903
2.71,0.029045166015625234,0.04830991555880668
4.4800000000000004,0.44411718750000162,0.1540835437490165
8.0,-0.47890625000000142,0.362579670755346
11.470000000000001,-2.6298251342773451,0.4952733492283502
